X-axis,Y-axis,Link
0.0,0.0,0
170.4206921021734,396.0130769256395,1
280.31878093438525,-207.43494736092939,2
-671488.9191033761,-755267.5854196782,3
